id_grid,crime_count,num_potholes,bank_a,bar_a,beauty_shop_a,cafe_a,car_dealership_a,car_wash_a,cinema_a,courthouse_a,dentist_a,department_store_a,fast_food_a,golf_course_a,hospital_a,hotel_a,motel_a,museum_a,nightclub_a,park_a,pharmacy_a,playground_a,post_office_a,restaurant_a,school_a,sports_centre_a,stadium_a,supermarket_a,swimming_pool_a,theatre_a,theme_park_a,track_a,university_a,bakery,bank,bar,cafe,car_dealership,cinema,convenience,department_store,fast_food,gift_shop,hairdresser,hotel,motel,nightclub,pharmacy,playground,pub,restaurant,school,supermarket,theatre,university,unemployment_rate,income,poverty_rate,density
7,90,2,1,0,0,0,0,0,0,0,0,0,0,0,0,1,0,0,0,0,0,0,0,0,1,0,0,0,1,0,0,0,0,0,0,0,0,0,0,0,0,0,0,0,1,0,0,0,0,0,0,0,0,0,0,0.0235961592861152,60254.842769241885,0.14440484576377574,749.6492617294614
8,1,0,0,0,0,0,0,0,0,0,0,0,0,0,0,0,0,0,0,0,0,0,0,0,1,0,0,0,0,0,0,0,0,0,0,0,0,0,0,0,0,0,0,0,0,0,0,0,0,0,0,0,0,0,0,0.017843027186451088,59366.93478627715,0.14760495817277483,1176.7215141466445
9,13,0,0,0,0,0,0,0,0,0,0,0,0,0,0,0,0,0,0,0,0,0,0,0,0,0,0,0,0,0,0,0,0,0,0,0,0,0,0,0,0,1,0,0,0,0,0,0,0,0,0,0,0,0,0,0.06052878134761637,67631.4862432675,0.11200050495033861,1370.0000287209025
10,186,0,0,0,0,0,0,0,0,0,0,0,0,0,0,0,0,0,0,0,0,0,0,0,0,0,0,0,0,0,0,0,0,0,0,0,0,0,0,0,0,0,0,0,0,0,0,0,0,0,0,0,0,0,0,0.06423245790579632,67647.93997307743,0.038359018389949553,633.93424274255494
11,277,8,0,0,0,0,0,0,0,0,0,0,1,1,0,0,0,0,0,0,0,0,0,0,0,0,0,0,0,0,0,0,0,0,0,0,0,0,0,0,0,3,0,0,0,0,0,0,0,0,1,0,1,0,0,0.05119777327082448,71527.31220695216,0.08115362600246989,1354.9365509101901
12,0,0,0,0,0,0,0,0,0,0,0,0,0,1,0,0,0,0,0,0,0,0,0,0,0,0,0,0,0,0,0,0,0,0,0,0,0,0,0,0,0,0,0,0,0,0,0,0,0,0,0,0,0,0,0,0.04130600750292213,74912.40875615788,0.0030206613653788452,463.402750314181
17,41,7,0,0,0,0,0,0,0,0,0,0,0,0,0,0,0,0,0,2,0,0,0,0,2,0,0,0,0,0,0,0,0,0,0,0,0,0,0,0,0,0,0,0,0,0,0,0,0,0,0,1,0,0,0,0.01591148547890664,74092.93454812288,0.045682358738152275,1540.860515062199
18,318,4,0,0,0,0,0,0,0,0,0,0,0,0,0,0,0,0,0,0,0,0,0,0,0,0,0,0,2,0,0,0,1,0,0,0,0,0,0,0,0,0,0,0,0,0,0,0,0,0,0,0,0,0,0,0.012752664667567234,65466.87941722627,0.29419226331798115,3165.534956423862
19,489,43,0,0,0,0,0,0,0,0,0,0,0,1,0,0,0,0,0,4,0,2,0,0,0,0,0,0,1,0,0,0,0,0,0,0,0,0,0,1,0,1,0,0,0,0,0,0,0,0,0,0,1,0,0,0.027681201131005303,63588.81041169346,0.19447701821840263,2799.745041815206
20,1361,70,1,0,0,0,1,1,0,0,0,0,5,1,0,2,0,0,0,3,0,1,0,4,2,0,0,0,1,0,0,0,0,0,0,0,0,0,0,0,0,0,0,0,0,3,0,0,0,0,0,0,0,0,0,0.027191780173783143,64551.288472456545,0.18666318497516554,1480.9887116135008
21,1142,132,0,0,0,0,0,0,0,0,0,0,0,0,0,0,0,0,0,5,0,0,0,0,3,0,0,0,2,0,0,0,0,0,0,0,0,0,0,0,0,0,0,0,0,0,0,0,0,0,0,0,0,0,0,0.0782895925365215,61299.8445442133,0.18744864535034575,2287.055475104081
22,462,19,0,0,0,0,0,0,0,0,0,0,0,0,0,0,0,0,0,1,0,2,0,0,2,0,0,0,1,0,0,1,0,0,0,0,0,0,0,0,0,0,0,0,0,0,0,0,0,0,0,0,0,0,0,0.05870550381515208,67505.51778799866,0.16962681086049877,1776.7127080982893
23,283,1,0,0,0,0,0,0,0,0,0,0,0,0,0,0,0,0,0,1,0,0,0,0,1,0,0,0,1,1,0,0,0,0,0,0,0,0,0,0,0,0,0,0,0,0,0,0,0,0,0,0,0,0,0,0.04812988495005896,69633.53402666652,0.13014919271606487,985.4876071473602
24,346,29,0,0,0,0,0,0,0,0,0,0,0,1,0,0,0,0,0,0,0,0,0,0,1,0,0,0,0,0,0,0,0,0,0,0,0,0,0,0,0,0,0,0,0,0,0,0,0,0,0,0,0,0,0,0.04967985275308917,71063.97051579038,0.14935108237079187,1795.3097510602756
29,11,1,0,0,0,0,0,0,0,0,0,0,0,0,0,0,0,0,0,0,0,0,0,0,0,0,0,0,0,0,0,0,0,0,0,0,0,0,0,0,0,0,0,0,0,0,0,0,0,0,0,0,0,0,0,0.02891792885635227,67295.09061550244,0.02886732147485011,2690.307326484704
30,300,27,0,0,0,0,1,0,0,0,0,0,0,0,0,0,0,0,0,2,0,0,0,1,2,1,0,0,7,0,0,3,0,0,0,0,0,0,0,0,0,0,0,0,0,0,0,0,0,0,0,2,0,0,0,0.020147552359839213,73550.15840522558,0.0607031482713624,1763.8245055867155
31,625,63,0,0,0,0,0,0,0,0,0,0,1,1,0,2,0,0,0,4,0,0,0,0,2,0,0,1,7,0,0,1,1,0,0,0,0,0,0,0,0,1,0,0,0,0,0,0,0,0,1,0,0,0,0,0.021427045130089993,64974.32945617832,0.22239864195753084,2296.116456088569
32,182,173,0,0,0,0,0,0,0,0,0,0,0,1,0,1,0,0,0,19,0,0,0,1,0,1,0,0,4,0,0,0,1,0,0,0,2,0,0,0,0,1,0,0,0,0,0,0,0,0,1,0,0,0,2,0.002226505786707885,61772.94612016202,0.1922093165299584,956.0350968156779
33,1876,139,0,1,0,1,0,0,0,0,0,0,2,0,0,4,1,1,0,14,0,0,0,1,1,1,0,0,1,2,0,1,1,1,0,1,3,0,0,0,0,1,0,0,1,0,0,0,0,0,2,2,0,4,0,0.041159168350376994,59316.79054262152,0.17485085581078127,1714.0247591854404
34,1779,80,0,0,0,0,0,1,0,0,0,0,0,0,0,0,0,0,0,6,0,2,0,0,5,0,0,0,2,0,0,2,0,0,1,0,0,0,0,0,0,3,0,1,0,0,0,1,0,0,0,0,1,0,0,0.061290180545554324,55792.574743400466,0.23723109021713903,2316.8005921093863
35,1053,59,0,0,0,0,0,0,0,0,0,0,1,1,0,0,0,0,0,3,0,1,0,0,1,0,0,0,0,0,0,0,0,0,0,0,0,0,0,1,0,2,0,0,0,0,0,0,0,0,0,1,1,0,0,0.02976429438680813,60447.90064202157,0.21044553229709922,1788.7580678539696
36,476,20,0,0,0,0,0,0,0,0,0,0,0,0,0,0,0,0,0,6,0,1,0,0,0,0,0,0,0,0,0,0,0,0,1,0,0,0,0,1,0,0,0,0,0,0,0,0,0,0,0,0,0,0,0,0.011844867607665358,65742.02217479676,0.08003101767618383,1126.9160616353595
37,98,0,0,0,0,0,0,0,0,0,0,0,0,0,0,0,0,0,0,3,0,1,0,0,0,0,0,0,0,0,0,0,0,0,0,0,0,0,0,0,0,0,0,0,0,0,0,0,0,0,0,0,0,0,0,0.01199450504017072,67144.26836319569,0.07980232469570567,1566.5902438441376
42,221,7,0,0,0,0,0,1,0,0,0,0,0,0,0,2,0,0,0,0,0,2,0,1,0,0,0,0,6,0,0,0,0,0,0,0,0,0,0,1,0,1,0,0,0,0,0,0,0,0,0,0,0,0,0,0.02967214966023904,68747.2853716391,0.07067623926932781,2138.6968482211946
43,868,30,0,0,0,0,1,1,0,0,0,0,2,0,0,1,0,0,0,4,0,1,0,0,0,0,0,0,8,0,0,0,0,0,0,2,0,0,0,2,0,1,0,0,0,0,0,0,0,0,2,1,1,0,0,0.019107822226754573,66421.3230332512,0.10659716197263694,1984.6143186105737
44,1204,74,3,0,0,0,0,0,0,0,0,1,6,0,0,0,0,0,0,8,0,0,1,5,1,0,0,1,2,0,0,2,2,0,0,0,0,1,0,0,0,3,0,0,0,0,0,0,0,1,3,0,0,0,1,0.03261449683320019,63759.249343546915,0.22348106088514802,2608.0095434751943
45,733,168,4,1,0,1,0,0,0,0,0,0,8,0,0,2,0,0,0,23,0,2,0,3,1,7,0,1,7,4,1,0,7,0,2,1,5,0,1,2,1,12,0,1,0,0,1,1,0,1,20,1,1,0,1,0.019391048082628693,66597.98372657278,0.2199950371504195,3763.616521624556
46,3103,388,4,4,0,3,0,0,1,4,0,0,7,0,0,6,1,7,1,29,1,3,1,8,9,3,0,0,6,0,0,1,2,2,8,18,11,0,0,2,0,10,3,8,4,0,5,4,0,12,77,4,3,1,0,0.014519193726448772,76628.11795786263,0.11713239921047318,3116.534363993788
47,2842,147,1,0,0,1,1,0,1,0,0,0,2,1,0,0,0,0,0,15,1,2,0,3,7,0,2,1,1,0,0,2,1,0,0,0,0,0,0,0,0,2,0,0,0,0,0,0,0,0,2,1,1,0,0,0.0465324873744177,63834.84837839032,0.21584675265051195,2427.474640201628
48,1465,67,0,0,0,0,0,0,0,0,0,0,0,1,3,2,0,0,0,5,0,0,0,0,2,0,0,0,0,0,0,0,0,0,0,0,0,0,0,0,0,0,0,0,0,0,0,0,1,0,0,0,0,0,0,0.0374446948661049,59553.35706511568,0.2119949461345547,1634.9426744342747
49,175,20,0,0,0,0,0,0,0,0,0,0,0,0,0,0,0,0,0,9,0,0,0,0,0,0,0,0,0,0,0,0,0,0,0,0,0,0,0,0,0,0,0,0,0,0,0,0,0,0,0,0,0,0,0,8.054651982376745e-4,61027.820761005954,0.10404294204205725,687.2052579429995
50,226,12,0,0,0,0,0,0,0,0,0,0,0,0,0,0,0,0,0,9,0,5,0,0,0,0,0,1,0,0,0,0,0,0,0,0,0,0,0,1,0,1,0,1,0,0,0,0,0,1,3,1,1,0,0,0.03688818831127812,74290.50503685529,0.036281964694323605,2421.2877481275705
55,2,4,0,0,0,0,0,0,0,0,0,0,0,1,0,0,0,0,0,0,0,0,0,0,0,0,0,0,0,0,0,0,0,0,0,0,0,0,0,0,0,0,0,0,0,0,0,0,0,0,0,0,0,0,0,0.01865753138080767,85127.70622486758,0.04326210246181948,817.5572463194592
56,175,16,0,0,0,1,0,0,0,0,0,0,0,1,0,1,0,0,0,5,0,2,0,2,1,1,0,0,4,0,0,1,1,0,0,0,0,0,0,0,0,0,0,0,0,0,0,0,0,0,1,0,0,0,0,0.021065696838088545,71965.51773138264,0.07704170424088955,876.6629054254688
57,245,33,1,0,0,0,0,0,0,0,0,0,0,0,0,1,0,4,0,11,0,0,0,0,1,0,0,0,4,0,0,1,2,0,0,0,2,0,0,0,0,2,0,0,0,0,0,0,0,0,4,0,2,0,8,0.0100629992243706,76187.36790424092,0.05873907106788441,1191.375118317056
58,171,137,0,0,0,0,0,0,0,0,0,0,0,1,0,0,0,0,0,6,0,0,0,0,3,0,0,0,2,0,0,0,1,0,0,0,0,0,0,0,0,0,0,0,0,0,0,0,0,0,0,0,0,0,0,0.021054215869646495,102942.84862402054,0.050153537359006135,1909.186368630132
59,186,173,1,0,0,0,0,0,0,0,0,0,0,1,0,0,0,0,0,10,0,3,0,1,2,0,0,0,2,0,0,0,0,0,0,0,1,0,1,0,0,0,0,1,0,0,0,2,0,0,3,1,0,0,0,0.0063430151692448035,110082.47677249066,0.02208473674747224,1904.7773630791544
60,936,118,1,0,0,0,8,1,0,0,0,0,2,0,0,0,0,0,2,13,0,0,0,2,1,0,0,0,3,0,0,0,0,1,0,3,1,0,0,1,0,1,0,0,0,0,0,0,0,0,3,1,0,0,0,0.026375389495802495,71628.95109020897,0.09308378284348769,1637.5475188346666
61,1138,85,0,0,0,0,0,0,0,0,0,0,2,0,0,5,5,0,0,5,0,0,0,0,1,1,0,0,3,0,0,0,0,0,0,0,0,1,0,0,0,1,0,0,0,2,0,0,0,0,0,0,0,0,0,0.03996072623118806,67947.064290457,0.060828570420058715,1341.5058719400283
62,933,96,1,0,0,0,0,1,0,0,0,0,0,2,0,2,1,0,0,2,0,1,0,1,0,1,0,0,2,0,0,0,0,0,0,0,1,0,0,0,0,3,0,1,0,1,0,0,1,0,3,1,3,0,0,0.009370319366849733,73562.00804171458,0.07423773535934318,1759.842008343856
63,285,24,0,0,0,0,0,0,0,0,0,0,0,2,0,0,0,0,0,5,0,1,0,0,0,0,0,0,2,0,0,0,0,0,0,0,0,0,0,0,0,0,0,0,0,0,0,0,0,0,0,0,0,0,0,0.024147327220807875,75402.9936912928,0.07322688746446421,1643.9000903141773
64,0,0,0,0,0,0,0,0,0,0,0,0,0,0,0,0,0,0,0,0,0,0,0,0,0,0,0,0,0,0,0,0,0,0,0,0,0,0,0,0,0,0,0,0,0,0,0,0,0,0,0,0,0,0,0,0.03757711721817162,71740,0.0570801317233809,519.3017039009601
68,7,0,0,0,0,0,0,0,0,0,0,0,0,0,0,0,0,0,0,0,0,0,0,0,0,0,0,0,0,0,0,0,0,0,0,0,0,0,0,0,0,0,0,0,0,0,0,0,0,0,0,0,0,1,0,0.026964132795006455,75134.94631619782,0.07676846507778529,397.51323081728515
69,84,1,0,0,0,0,0,0,0,0,0,0,0,0,0,0,0,0,0,0,0,0,0,0,0,0,0,0,2,0,0,0,0,0,0,0,0,0,0,0,0,0,0,0,0,0,0,0,0,0,0,0,0,0,0,0.02400766595858205,75272.95310653046,0.08092631064311484,926.2701757691558
70,165,61,0,0,0,0,0,1,0,0,0,0,0,0,0,0,0,0,0,6,0,1,0,0,1,0,0,0,11,0,0,0,0,0,3,0,2,0,0,0,0,6,1,0,0,0,0,0,0,1,3,0,1,0,0,0.016661473826272106,78996.88615934014,0.07148296129341451,1783.7398271820161
71,243,96,1,0,0,0,0,0,0,0,0,0,0,1,0,12,0,0,0,12,0,3,0,0,0,0,0,0,8,0,0,0,0,0,2,0,0,0,0,1,2,1,0,0,0,0,0,0,0,1,2,0,0,0,0,0.014112041530657279,109439.37682609944,0.037032127852627224,1387.5507370097646
72,227,69,3,0,0,0,0,0,0,0,0,0,0,1,0,3,0,0,0,17,0,0,0,2,3,0,0,0,5,0,0,0,0,0,4,2,4,1,1,1,1,7,3,4,0,0,0,0,0,0,18,0,1,0,0,0.011663621785014762,100894.70017794032,0.027183270580910208,1515.3454488660207
73,947,92,0,0,2,1,1,2,0,0,1,1,11,0,1,17,0,0,0,2,2,2,1,8,2,0,0,3,5,0,0,0,0,0,0,0,0,1,0,0,0,6,0,0,1,0,0,0,0,0,6,1,2,0,0,0.01634699442345027,66517.1461860302,0.10586381955677941,1504.0098852757226
74,1702,212,0,0,0,0,0,0,0,0,0,0,1,0,0,3,1,0,0,2,0,3,0,2,1,0,0,0,3,0,1,0,0,0,0,0,1,2,0,2,0,3,0,0,0,1,0,1,0,0,3,0,2,0,0,0.030179239461887424,62846.08365241504,0.16206698750252752,1861.975627610216
75,307,62,0,0,0,0,0,0,0,0,0,0,0,0,0,0,0,0,0,1,0,4,0,0,0,0,0,0,5,0,0,0,0,0,0,0,0,0,0,0,0,0,0,0,0,0,0,0,0,0,0,1,1,0,0,0.03569488223327736,72451.65247298013,0.11766922078664366,2543.7966180536796
76,69,3,0,0,0,0,0,0,0,0,0,0,0,0,0,0,0,0,0,3,0,3,0,0,0,1,0,0,0,0,0,1,0,0,0,0,0,0,0,0,0,0,0,0,0,0,0,0,0,0,0,0,0,0,0,0.045582034403990584,73520.41057506783,0.1083048872659108,1684.1718908620626
77,17,0,0,0,0,0,0,0,0,0,0,0,0,0,0,0,0,0,0,0,0,0,0,0,0,0,0,0,0,0,0,0,0,0,0,0,0,0,0,0,0,0,0,0,0,0,0,0,0,0,0,0,0,0,0,0.020594546141432548,70548.2557288029,0.11358306509598395,561.4014990527722
78,0,0,0,0,0,0,0,0,0,0,0,0,0,0,0,0,0,0,0,0,0,0,0,0,0,0,0,0,0,0,0,0,0,0,0,0,0,0,0,0,0,0,0,0,0,0,0,0,0,0,0,0,0,0,0,0.021913268151910224,70242.98181016788,0.08048129795285137,491.0563773058326
80,0,0,0,0,0,0,0,0,0,0,0,0,0,0,0,0,0,0,0,1,0,0,0,0,0,0,0,0,0,0,0,0,0,0,0,0,0,0,0,0,0,0,0,0,0,0,0,0,0,0,0,0,0,0,0,0.028974271730243403,71742.8356778093,0.08700070209878247,317.3179674216939
81,0,1,0,0,0,0,0,0,0,0,0,0,0,0,0,0,0,0,0,0,0,0,0,0,0,0,0,0,0,0,0,0,0,0,0,0,0,0,0,0,0,0,0,0,0,0,0,0,0,0,0,0,0,0,0,0.029046051983105406,71571.69635727977,0.0875251069632768,310.7552719008544
82,269,12,0,0,0,0,0,0,0,0,0,0,0,0,0,0,0,0,0,1,0,0,0,0,0,0,0,0,5,0,0,0,0,0,0,0,0,0,0,0,0,0,0,0,0,0,0,0,0,0,0,0,0,0,0,0.032019208299106476,69891.58836357799,0.06906420595629663,1023.2174897052483
83,580,43,3,0,3,1,0,2,0,0,0,4,8,0,0,4,0,0,0,4,0,1,0,8,1,0,0,0,9,0,0,0,0,0,0,0,0,0,0,0,0,2,0,0,0,1,0,0,0,0,0,0,0,0,0,0.0274100099239699,75028.22634037428,0.09728234651286995,1740.123639432597
84,246,53,4,0,1,0,0,0,0,0,0,0,1,0,0,4,0,0,0,11,1,2,0,0,1,1,0,1,15,0,0,0,0,0,0,0,1,0,0,0,1,1,2,1,1,0,0,0,0,0,5,0,2,0,0,0.0335542179569186,82590.75170078433,0.06113631092360906,1969.639553267967
85,312,83,5,0,1,0,0,0,0,0,0,0,4,0,0,0,0,0,0,6,0,6,0,2,9,2,0,1,8,0,0,3,0,0,2,0,0,0,0,0,0,0,0,0,0,0,0,1,0,0,1,0,0,0,0,0.02419795640851684,81296.25826778063,0.05709861061926393,1823.5381996916446
86,592,94,1,0,0,0,0,1,0,0,0,0,0,0,0,0,0,0,0,6,0,8,0,1,2,2,0,1,12,0,0,1,0,0,2,0,1,0,0,0,1,4,0,0,0,0,0,0,1,0,9,1,1,0,0,0.016469938152760138,70373.81895503525,0.09479934223861759,2227.9478481287
87,1554,104,0,0,0,0,0,5,1,0,0,0,1,0,0,2,0,0,0,1,0,0,0,1,1,0,0,0,5,0,0,0,0,0,7,0,1,10,0,3,0,13,0,3,0,0,0,0,0,0,13,0,2,0,1,0.043161927320350325,64349.08427145782,0.15020518031963825,1905.6651874172214
88,1104,75,1,0,0,0,1,0,0,0,0,0,0,0,0,0,0,0,0,1,0,2,0,0,2,0,0,0,5,0,0,1,0,0,0,0,0,0,0,0,0,3,0,0,0,0,0,0,0,0,0,0,1,0,0,0.04960583616513818,69926.44680304811,0.10017455369332305,3006.8344254327008
89,126,6,0,0,0,0,0,0,0,0,0,0,0,0,0,0,0,0,0,6,0,3,0,0,0,0,0,0,4,0,0,1,0,0,0,0,0,0,0,0,0,0,0,0,0,0,0,0,1,0,0,0,0,0,0,0.03315093760935196,74459.63738249513,0.08602046183348291,1403.78131474379
90,10,0,0,0,0,0,0,0,0,0,0,0,0,0,0,0,0,0,0,0,0,1,0,0,0,0,0,0,1,0,0,0,0,0,0,0,0,0,0,0,0,0,0,0,0,0,0,0,0,0,0,0,0,0,0,0.012175345967414297,80138.64261027935,0.06997654877394535,873.1963155617049
91,0,0,0,0,0,0,0,0,0,0,0,0,0,0,0,0,0,0,0,0,0,0,0,0,0,0,0,0,0,0,0,0,0,0,0,0,0,0,0,0,0,0,0,0,0,0,0,0,0,0,0,0,0,0,0,0.0199203187250996,70346,0.08038585209003216,474.64860900695425
93,0,0,0,0,0,0,0,0,0,0,0,0,0,0,0,0,0,0,0,0,0,0,0,0,0,0,0,0,0,0,0,0,0,0,0,0,0,0,0,0,0,0,0,0,0,0,0,0,0,0,0,0,0,0,0,0.02905158687631091,71558.50000000025,0.08756554322263362,310.24922995479164
94,36,14,0,0,0,0,0,0,0,0,0,0,0,0,0,0,0,0,0,0,0,0,0,0,0,0,0,0,1,0,0,0,0,0,0,0,0,0,0,0,0,0,0,0,0,0,0,0,0,0,0,0,0,0,0,0.026236244136751418,74098.46920643905,0.08065658423700275,517.9849791475451
95,286,42,1,1,0,0,0,0,1,0,0,1,0,0,0,0,0,0,0,2,0,3,0,0,1,0,0,0,3,0,0,1,0,0,1,0,0,4,0,0,1,1,0,0,0,0,0,0,0,0,1,0,1,0,0,0.017454814297186382,81144.84636839124,0.0470178282322036,1669.0889886782008
96,532,72,0,0,0,0,0,0,0,0,0,1,0,0,0,0,0,0,0,6,0,1,0,1,0,0,0,0,5,0,0,0,0,0,0,0,0,0,0,0,0,0,0,0,0,0,0,0,0,0,0,0,0,0,0,0.011552478491104716,74340.65842728675,0.06991233018041262,2312.2989140623517
97,213,57,1,0,0,0,0,0,0,0,1,0,0,0,0,0,0,0,0,5,0,6,0,0,3,2,0,0,1,0,0,1,0,0,0,0,0,0,0,0,0,1,0,5,0,0,0,0,0,0,2,0,1,0,0,0.017066881816259018,85721.56490060118,0.04813238262557746,1748.383722245466
98,748,78,1,0,0,0,0,1,0,0,2,0,2,0,0,0,0,0,0,8,0,4,0,2,3,0,0,0,13,0,0,1,0,0,1,0,0,0,0,0,0,2,0,1,0,0,0,0,0,1,6,0,0,0,0,0.03138293398868935,71013.36454910153,0.06619590082404765,2580.4347916609368
99,511,66,1,0,0,0,0,0,0,0,0,0,3,1,0,0,0,0,0,1,1,2,0,1,3,2,0,0,8,0,0,0,0,1,4,0,1,0,0,0,1,15,1,1,0,0,0,1,0,3,10,2,2,0,0,0.02981639011134297,78078.20170883098,0.04240589831875244,1762.9016359655989
100,557,52,1,0,0,0,1,0,0,0,0,1,1,1,0,3,0,0,0,1,0,1,0,5,1,0,0,0,4,0,0,1,0,0,0,0,0,3,0,1,2,7,0,2,2,0,0,0,0,1,6,0,1,0,0,0.03410136739942219,71304.19279653633,0.0845792472399125,1529.9128573112703
101,608,61,1,0,0,0,0,0,0,0,0,1,0,0,0,0,0,0,0,0,0,0,0,0,0,2,0,0,1,0,0,0,0,0,0,0,0,0,0,0,5,0,0,0,0,0,0,1,0,0,3,0,1,0,0,0.059701420030973125,68650.43023252457,0.14984481987970233,1628.1578491193507
102,219,28,0,0,0,0,0,0,0,0,0,0,0,0,0,0,0,0,0,7,0,7,0,0,2,2,0,0,1,0,0,0,0,1,0,0,0,0,0,1,0,1,0,0,0,0,0,0,0,0,1,0,1,0,0,0.029593621321857836,80346.88229943221,0.04636872387138438,1279.3887771852985
103,113,9,0,0,0,0,0,0,0,0,0,0,0,0,0,0,0,0,0,0,0,1,0,0,0,0,0,0,1,0,0,1,0,0,0,0,0,0,0,0,0,0,0,0,0,0,0,0,0,0,0,1,0,0,0,0.015671118384159837,85047.73872794335,0.026228244505630553,1650.836504710408
105,276,64,0,0,0,0,0,0,0,0,0,0,0,1,0,3,0,0,0,1,0,2,1,1,0,0,0,1,8,0,0,0,0,0,0,0,0,0,0,0,0,0,0,1,0,0,0,0,0,0,1,0,0,0,0,0.020763741083598842,87869.0163670978,0.036879406079626115,1503.2333755786476
106,96,3,1,0,0,0,0,0,1,0,0,1,1,0,0,0,0,0,0,0,0,0,0,0,0,0,0,1,2,0,0,0,0,1,1,0,0,0,0,0,0,2,0,0,0,0,0,0,1,0,12,0,1,0,0,0.02483657441650015,82481.34063293299,0.05224083841280554,959.893147481976
107,99,36,0,1,0,0,0,0,0,0,0,0,1,0,0,0,0,0,0,0,0,0,0,0,0,0,0,0,2,0,0,0,0,0,0,0,0,3,0,0,0,1,0,0,0,0,0,0,0,0,1,0,0,0,0,0.02870304618122398,84147.53404005448,0.06032274922912005,1322.8163212278366
108,170,44,0,0,0,0,0,0,0,0,0,0,0,0,0,0,0,0,0,4,0,1,0,0,1,0,0,0,1,0,0,2,0,0,0,0,0,0,0,0,0,2,0,1,0,0,0,0,0,0,3,3,3,0,0,0.024275380428967847,87629.7274395819,0.04958818469694273,1545.3302757357526
109,42,16,0,0,0,0,0,0,0,0,0,0,0,1,0,0,0,0,0,2,0,3,0,0,1,0,0,0,2,0,0,0,0,0,0,0,0,0,0,0,0,0,0,0,0,0,0,0,0,0,0,0,1,0,0,0.015565849944784856,97286.27583920323,0.03391080498109777,1545.863013496875
110,182,58,9,0,0,0,0,1,0,0,5,0,5,0,0,0,0,0,0,1,0,1,0,1,1,1,0,0,5,0,0,0,0,1,0,0,4,0,0,1,0,7,0,3,0,0,0,3,0,2,8,0,3,0,0,0.009866856751312363,79308.60078432332,0.030910893279870275,2000.6781788132018
111,209,33,3,0,0,0,0,1,0,0,0,0,1,0,0,0,0,0,0,2,0,0,0,0,3,2,0,1,5,0,0,0,0,1,2,0,1,0,0,0,0,9,0,4,0,0,0,1,0,0,7,0,2,0,0,0.023062952306920924,86232.76629738427,0.03995997143104926,1737.3735427480347
112,84,63,0,0,0,0,0,2,0,0,0,0,0,1,0,0,0,0,0,2,0,0,0,0,2,2,0,0,7,0,0,0,0,0,2,0,1,0,0,1,0,2,0,0,0,0,0,1,0,2,3,0,1,0,0,0.02109343757216573,94537.08957546008,0.01999276268543931,1392.973537210243
113,259,51,0,0,0,0,0,0,0,0,0,0,1,0,0,0,0,0,0,3,0,4,0,0,1,1,0,0,4,0,0,0,0,0,0,0,1,0,0,1,0,2,1,2,0,0,0,0,0,0,11,3,4,0,0,0.03194749885625762,83099.05009945892,0.04509154598897154,1604.3093847397881
114,516,28,0,0,0,0,0,1,0,0,0,0,0,0,0,1,0,0,0,8,0,4,0,0,0,2,0,0,4,0,0,0,0,0,0,2,0,1,0,0,0,1,0,0,0,0,0,0,1,0,1,0,0,0,0,0.03565230535195147,82422.95895470133,0.068065359864272,1637.6499316311672
115,120,7,0,0,0,0,0,0,0,0,0,0,0,0,0,0,0,0,0,13,0,0,0,0,0,2,0,0,3,0,0,0,0,0,0,0,0,0,0,0,0,0,0,0,0,0,0,0,0,0,0,0,0,0,0,0.041801856601538595,80704.99688910953,0.06697821325647034,1982.6775446498593
116,157,25,0,0,0,0,0,0,0,0,0,0,0,0,0,0,0,0,0,0,0,1,0,0,0,0,0,0,2,0,0,0,0,0,1,0,0,0,0,0,0,1,0,0,0,0,0,0,0,0,3,0,1,0,0,0.04090887624926205,85524.00649624765,0.052039806793915434,1340.3407188740712
118,97,23,0,0,0,0,0,1,0,0,0,0,0,1,0,0,0,0,0,0,0,2,0,0,1,0,0,0,5,0,0,0,0,0,0,0,0,0,0,0,0,0,0,0,0,0,0,0,0,0,0,0,0,0,0,0.01857368835345079,78314.1482896794,0.071926156787116,2333.5067917377946
119,397,8,2,0,0,0,0,1,0,0,0,1,2,1,0,3,0,0,0,0,0,1,0,5,0,1,0,1,6,0,0,0,0,0,1,0,3,0,0,0,1,7,0,3,2,0,0,0,1,0,11,0,1,0,0,0.032614397560903806,77169.97816436239,0.05621470245304919,1381.1401368917134
120,79,27,0,0,0,0,0,0,0,0,0,0,0,0,0,0,0,0,0,2,0,2,1,0,1,0,0,0,3,0,0,0,0,0,0,0,0,0,0,0,0,0,0,0,0,0,0,0,0,0,0,1,0,0,0,0.020533300628185872,87387.80557857311,0.04091179512635069,1803.1575037337936
121,31,10,0,0,0,0,0,0,0,0,0,0,0,0,0,0,0,0,0,1,3,0,0,0,3,0,0,0,1,0,0,1,0,0,1,0,0,0,0,0,0,4,0,0,0,0,0,0,0,0,3,0,1,0,0,0.02381502107394817,98455.20049635155,0.041486043777951336,1205.7974862805909
122,5,0,0,0,0,0,0,0,0,0,0,0,0,1,0,0,0,0,0,0,0,0,0,0,2,0,0,0,1,0,0,2,0,0,0,0,0,0,0,0,0,0,0,0,0,0,0,0,0,0,0,0,0,0,0,0.024813700461397546,112016.12070819362,0.03667793432046708,748.0350293798527
123,7,0,0,0,0,0,0,0,0,0,1,0,0,0,0,0,0,0,0,1,0,2,0,0,2,1,0,0,2,0,0,0,0,0,0,0,0,0,0,0,0,0,0,0,0,0,0,0,0,0,0,0,0,0,0,0.01813838549861616,92394.80503461523,8.115612183887328e-6,1050.6807697385227
124,3,0,0,0,0,0,0,0,0,0,0,0,0,0,0,0,0,0,0,0,0,0,0,0,1,1,0,0,0,0,0,0,0,0,0,0,0,0,0,0,0,0,0,0,0,0,0,0,0,0,0,0,0,0,0,0.005286335407997315,115889.53707445694,0.014212281307380913,945.0662341054935
125,0,0,0,0,0,0,0,0,0,0,0,0,0,0,0,0,0,0,0,0,0,0,0,0,0,0,0,0,0,0,0,0,0,0,0,0,0,0,0,0,0,0,0,0,0,0,0,0,0,0,0,0,0,0,0,0.04007285974499089,115300.5,0,522.8974457903265
126,104,27,0,0,0,0,0,0,0,0,0,0,1,0,1,0,0,0,0,7,1,3,0,1,0,0,0,0,4,0,0,0,0,0,0,0,1,0,0,0,2,1,0,0,0,0,0,0,0,1,6,0,0,0,0,0.018134634210330843,97363.5572493274,0.009686899456319191,1757.8260466860647
127,105,20,0,0,0,0,0,0,0,0,0,0,0,0,0,0,0,0,0,10,0,2,0,0,0,0,0,0,4,0,0,0,0,0,0,0,0,0,0,0,0,0,0,0,0,0,0,0,0,0,0,0,0,0,0,0.012573195448687366,92806.74085929303,0.059801191111093326,1635.8713810896895
128,0,0,0,0,0,0,0,0,0,0,0,0,0,0,0,0,0,0,0,6,0,0,0,0,0,0,0,0,0,0,0,0,0,0,0,0,0,0,0,0,0,0,0,0,0,0,0,0,0,0,0,0,0,0,0,0.043642428154298606,78918.7681771836,0.06944979222074611,1913.5715789167887
129,0,0,0,0,0,0,0,0,0,0,0,0,0,0,0,0,0,0,0,0,0,0,0,0,0,0,0,0,0,0,0,0,0,0,0,0,0,0,0,0,0,0,0,0,0,0,0,0,0,0,0,0,0,0,0,0.03554917902120198,86039,0.061087570621468926,1554.4392138621745
133,23,9,0,0,0,0,0,0,0,0,0,0,0,0,0,0,0,0,0,0,0,0,0,0,0,0,0,0,0,0,0,0,0,0,0,0,0,0,0,0,0,0,0,0,0,0,0,0,0,0,0,0,0,0,0,0.01847765650584833,89212.84732068576,0.03886229469962706,1867.3247066075278
139,15,5,0,0,0,0,0,0,0,0,1,0,0,0,0,0,0,0,0,2,0,0,0,0,0,0,0,0,0,0,0,0,0,0,0,0,0,0,0,0,0,0,0,0,0,0,0,0,0,0,0,0,0,0,0,0.02028308091370443,109201.6330483432,0.01934551218985452,1758.3879247493885
140,254,52,0,0,0,0,0,0,0,0,0,0,0,1,0,0,0,0,0,8,0,0,0,0,3,0,0,0,3,0,0,1,0,0,2,0,1,0,0,2,0,2,0,0,0,0,0,0,1,1,7,0,1,0,0,0.03388209282180779,91182.31079573966,0.04847819400870562,1656.9345438008982
141,53,5,0,0,0,0,0,0,0,0,0,0,0,0,0,0,0,0,0,0,0,1,0,0,0,0,0,1,1,0,0,0,0,0,5,0,1,0,1,0,0,4,0,1,0,0,0,0,0,0,5,0,0,0,0,0.04038841532582615,81658.1749180202,0.05492828428765489,1302.8876299071123
153,89,30,0,0,0,0,0,1,0,0,0,0,0,2,0,0,0,0,0,0,0,0,0,0,1,0,0,0,1,0,0,0,0,0,0,0,0,0,0,0,0,0,0,0,0,0,0,0,0,0,0,0,0,0,0,0.029170515434854546,95438.61142783001,0.032936565688316044,1712.5057532939227
154,79,4,0,0,0,0,0,0,0,0,0,0,1,1,0,1,0,0,0,0,0,1,0,0,0,0,0,0,3,0,0,0,0,0,0,0,0,0,0,0,0,0,0,0,0,0,0,0,0,0,0,0,0,0,0,0.029020234291799788,94961,0.03290574456218628,1741.808721583835
